,0
0,Aru B
1,Aru B
2,james e mooradian
3,james e mooradian
4,Aru B
5,Aru B
6,james e mooradian
7,Aru B
8,james e mooradian
9,james e mooradian
10,Aru B
11,Aru B
12,james e mooradian
13,Aru B
14,Aru B
15,james e mooradian
16,james e mooradian
17,james e mooradian
18,james e mooradian
19,james e mooradian
20,Aru B
21,Aru B
22,james e mooradian
23,james e mooradian
24,Aru B
25,Aru B
26,Aru B
27,Aru B
28,Aru B
29,Aru B
30,Aru B
31,Aru B
32,Aru B
33,Aru B
34,Aru B
35,Aru B
36,Aru B
37,Aru B
38,Aru B
39,james e mooradian
40,james e mooradian
41,james e mooradian
42,james e mooradian
43,james e mooradian
44,james e mooradian
45,james e mooradian
46,james e mooradian
47,james e mooradian
48,Aru B
49,Aru B
50,james e mooradian
51,james e mooradian
52,james e mooradian
53,james e mooradian
54,Aru B
55,james e mooradian
56,james e mooradian
57,Aru B
58,Aru B
59,james e mooradian
60,Aru B
61,james e mooradian
62,Aru B
63,Aru B
64,Aru B
65,Aru B
66,james e mooradian
67,Aru B
68,james e mooradian
69,Aru B
70,james e mooradian
71,Aru B
72,Aru B
73,james e mooradian
74,james e mooradian
75,Aru B
76,james e mooradian
77,james e mooradian
78,Aru B
79,james e mooradian
80,james e mooradian
81,james e mooradian
82,james e mooradian
83,james e mooradian
84,james e mooradian
85,Aru B
86,Aru B
87,Aru B
88,Aru B
89,Aru B
90,Aru B
91,Aru B
92,Aru B
93,Aru B
94,Aru B
95,Aru B
96,Aru B
97,Aru B
98,Aru B
99,Aru B
100,Aru B
101,Aru B
102,Aru B
103,james e mooradian
104,james e mooradian
105,james e mooradian
106,Aru B
107,james e mooradian
108,Aru B
109,Aru B
110,Aru B
111,Aru B
112,james e mooradian
113,james e mooradian
114,james e mooradian
115,Aru B
116,Aru B
117,james e mooradian
118,Aru B
119,Aru B
120,Aru B
121,james e mooradian
122,Aru B
123,Aru B
124,Aru B
125,Aru B
126,Aru B
127,Aru B
128,james e mooradian
129,Aru B
130,Aru B
131,Aru B
132,james e mooradian
133,Aru B
134,james e mooradian
135,james e mooradian
136,james e mooradian
137,Aru B
138,Aru B
139,Aru B
140,james e mooradian
141,james e mooradian
142,Aru B
143,Aru B
144,james e mooradian
145,Aru B
146,Aru B
147,james e mooradian
148,james e mooradian
149,Aru B
150,Aru B
151,james e mooradian
152,Aru B
153,james e mooradian
154,james e mooradian
155,Aru B
156,Aru B
157,Aru B
158,Aru B
159,Aru B
160,Aru B
161,james e mooradian
162,james e mooradian
163,james e mooradian
164,Aru B
165,Aru B
166,Aru B
167,Aru B
168,Aru B
169,Aru B
170,Aru B
171,james e mooradian
172,Aru B
173,Aru B
174,Aru B
175,Aru B
176,Aru B
177,Aru B
178,james e mooradian
179,Aru B
180,james e mooradian
181,james e mooradian
182,Aru B
183,Aru B
184,Aru B
185,Aru B
186,Aru B
187,james e mooradian
188,james e mooradian
189,Aru B
190,Aru B
191,james e mooradian
192,Aru B
193,Aru B
194,Aru B
195,james e mooradian
196,Aru B
197,Aru B
198,Aru B
199,Aru B
200,Aru B
201,james e mooradian
202,james e mooradian
203,Aru B
204,Aru B
205,Aru B
206,Aru B
207,Aru B
208,Aru B
209,james e mooradian
210,Aru B
211,Aru B
212,Aru B
213,james e mooradian
214,james e mooradian
215,Aru B
216,Aru B
217,Aru B
218,Aru B
219,james e mooradian
220,Aru B
221,Aru B
222,Aru B
223,Aru B
224,Aru B
225,james e mooradian
226,james e mooradian
227,james e mooradian
228,james e mooradian
229,Aru B
230,Aru B
231,Aru B
232,Aru B
233,Aru B
234,Aru B
235,james e mooradian
236,Aru B
237,Aru B
238,james e mooradian
239,james e mooradian
240,Aru B
241,Aru B
242,Aru B
243,Aru B
244,Aru B
245,Aru B
246,Aru B
247,Aru B
248,Aru B
249,Aru B
250,Aru B
251,Aru B
252,Aru B
253,Aru B
254,Aru B
255,Aru B
256,james e mooradian
257,Aru B
258,james e mooradian
259,Aru B
260,Aru B
261,Aru B
262,Aru B
263,Aru B
264,Aru B
265,Aru B
266,Aru B
267,Aru B
268,james e mooradian
269,Aru B
270,Aru B
271,Aru B
272,Aru B
273,james e mooradian
274,Aru B
275,james e mooradian
276,Aru B
277,Aru B
278,Aru B
279,Aru B
280,Aru B
281,Aru B
282,Aru B
283,Aru B
284,Aru B
285,Aru B
286,Aru B
287,Aru B
288,james e mooradian
289,james e mooradian
290,james e mooradian
291,Aru B
292,Aru B
293,Aru B
294,james e mooradian
295,james e mooradian
296,Aru B
297,james e mooradian
298,Aru B
299,Aru B
300,Aru B
301,james e mooradian
302,Aru B
303,Aru B
304,Aru B
305,Aru B
306,Aru B
307,james e mooradian
308,Aru B
309,Aru B
310,Aru B
311,Aru B
312,Aru B
313,james e mooradian
314,Aru B
315,Aru B
316,james e mooradian
317,Aru B
318,Aru B
319,Aru B
320,Aru B
321,Aru B
322,james e mooradian
323,Aru B
324,james e mooradian
325,james e mooradian
326,james e mooradian
327,Aru B
328,Aru B
329,Aru B
330,Aru B
331,james e mooradian
332,Aru B
333,Aru B
334,james e mooradian
335,Aru B
336,Aru B
337,Aru B
338,james e mooradian
339,james e mooradian
340,Aru B
341,james e mooradian
342,james e mooradian
343,Aru B
344,Aru B
345,Aru B
346,james e mooradian
347,Aru B
348,Aru B
349,Aru B
350,james e mooradian
351,james e mooradian
352,james e mooradian
353,Aru B
354,Aru B
355,Aru B
356,james e mooradian
357,Aru B
358,james e mooradian
359,Aru B
360,james e mooradian
361,Aru B
362,Aru B
363,james e mooradian
364,Aru B
365,james e mooradian
366,james e mooradian
367,james e mooradian
368,Aru B
369,Aru B
370,Aru B
371,james e mooradian
372,Aru B
373,Aru B
374,Aru B
375,Aru B
376,Aru B
377,Aru B
378,Aru B
379,james e mooradian
380,james e mooradian
381,Aru B
382,Aru B
383,Aru B
384,james e mooradian
385,Aru B
386,Aru B
387,Aru B
388,james e mooradian
389,james e mooradian
390,james e mooradian
391,Aru B
392,Aru B
393,Aru B
394,james e mooradian
395,james e mooradian
396,james e mooradian
397,james e mooradian
398,Aru B
399,Aru B
400,Aru B
401,Aru B
402,Aru B
403,Aru B
404,james e mooradian
405,Aru B
406,Aru B
407,james e mooradian
408,Aru B
409,Aru B
410,Aru B
411,james e mooradian
412,Aru B
413,james e mooradian
414,james e mooradian
415,james e mooradian
416,james e mooradian
417,Aru B
418,james e mooradian
419,Aru B
420,james e mooradian
421,Aru B
422,Aru B
423,Aru B
424,Aru B
425,james e mooradian
426,james e mooradian
427,Aru B
428,Aru B
429,Aru B
430,james e mooradian
431,Aru B
432,Aru B
433,james e mooradian
434,Aru B
435,Aru B
436,james e mooradian
437,Aru B
438,james e mooradian
439,james e mooradian
440,james e mooradian
441,Aru B
442,james e mooradian
443,james e mooradian
444,james e mooradian
445,Aru B
446,james e mooradian
447,Aru B
448,james e mooradian
449,james e mooradian
450,james e mooradian
451,Aru B
452,Aru B
453,james e mooradian
454,Aru B
455,james e mooradian
456,Aru B
457,james e mooradian
458,Aru B
459,james e mooradian
460,Aru B
461,james e mooradian
462,Aru B
463,Aru B
464,Aru B
465,Aru B
466,Aru B
467,james e mooradian
468,Aru B
469,james e mooradian
470,Aru B
471,Aru B
472,james e mooradian
473,Aru B
474,Aru B
475,james e mooradian
476,james e mooradian
477,Aru B
478,james e mooradian
479,james e mooradian
480,Aru B
481,Aru B
482,Aru B
483,Aru B
484,Aru B
485,Aru B
486,james e mooradian
487,Aru B
488,Aru B
489,Aru B
490,james e mooradian
491,Aru B
492,james e mooradian
493,james e mooradian
494,Aru B
495,james e mooradian
496,Aru B
497,james e mooradian
498,Aru B
499,Aru B
500,Aru B
501,Aru B
502,james e mooradian
503,james e mooradian
504,Aru B
505,james e mooradian
506,Aru B
507,Aru B
508,james e mooradian
509,james e mooradian
510,james e mooradian
511,james e mooradian
512,Aru B
513,Aru B
514,Aru B
515,Aru B
516,james e mooradian
517,james e mooradian
518,Aru B
519,Aru B
520,Aru B
521,james e mooradian
522,james e mooradian
523,Aru B
524,Aru B
525,Aru B
526,james e mooradian
527,james e mooradian
528,Aru B
529,Aru B
530,james e mooradian
531,Aru B
532,james e mooradian
533,Aru B
534,Aru B
535,james e mooradian
536,james e mooradian
537,Aru B
538,Aru B
539,Aru B
540,Aru B
541,Aru B
542,james e mooradian
543,Aru B
544,james e mooradian
545,Aru B
546,Aru B
547,james e mooradian
548,Aru B
549,Aru B
550,Aru B
551,Aru B
552,Aru B
553,james e mooradian
554,james e mooradian
555,Aru B
556,Aru B
557,Aru B
558,james e mooradian
559,Aru B
560,Aru B
561,Aru B
562,Aru B
563,Aru B
564,Aru B
565,james e mooradian
566,james e mooradian
567,james e mooradian
568,Aru B
569,Aru B
570,Aru B
571,james e mooradian
572,Aru B
573,james e mooradian
574,james e mooradian
575,james e mooradian
576,james e mooradian
577,Aru B
578,Aru B
579,james e mooradian
580,Aru B
581,james e mooradian
582,Aru B
583,Aru B
584,Aru B
585,Aru B
586,Aru B
587,Aru B
588,Aru B
589,james e mooradian
590,Aru B
591,Aru B
592,james e mooradian
593,Aru B
594,Aru B
595,james e mooradian
596,Aru B
597,Aru B
598,Aru B
599,james e mooradian
600,james e mooradian
601,Aru B
602,james e mooradian
603,Aru B
604,Aru B
605,Aru B
606,Aru B
607,james e mooradian
608,james e mooradian
609,Aru B
610,Aru B
611,Aru B
612,Aru B
613,james e mooradian
614,Aru B
615,james e mooradian
616,james e mooradian
617,Aru B
618,Aru B
619,Aru B
620,Aru B
621,james e mooradian
622,Aru B
623,Aru B
624,Aru B
625,james e mooradian
626,Aru B
627,Aru B
628,Aru B
629,Aru B
630,james e mooradian
631,Aru B
632,james e mooradian
633,Aru B
634,Aru B
635,Aru B
636,Aru B
637,james e mooradian
638,Aru B
639,james e mooradian
640,james e mooradian
641,james e mooradian
642,james e mooradian
643,Aru B
644,james e mooradian
645,Aru B
646,Aru B
647,Aru B
648,Aru B
649,Aru B
650,Aru B
651,Aru B
652,Aru B
653,james e mooradian
654,Aru B
655,james e mooradian
656,Aru B
657,james e mooradian
658,james e mooradian
659,james e mooradian
660,Aru B
661,Aru B
662,james e mooradian
663,Aru B
664,Aru B
665,Aru B
666,james e mooradian
667,james e mooradian
668,james e mooradian
669,Aru B
670,Aru B
671,Aru B
672,james e mooradian
673,james e mooradian
674,james e mooradian
675,james e mooradian
676,Aru B
677,Aru B
678,Aru B
679,james e mooradian
680,james e mooradian
681,Aru B
682,Aru B
683,Aru B
684,james e mooradian
685,Aru B
686,james e mooradian
687,Aru B
688,james e mooradian
689,Aru B
690,Aru B
691,james e mooradian
692,Aru B
693,Aru B
694,Aru B
695,Aru B
696,Aru B
697,Aru B
698,Aru B
699,Aru B
700,james e mooradian
701,james e mooradian
702,james e mooradian
703,james e mooradian
704,Aru B
705,Aru B
706,Aru B
707,james e mooradian
708,Aru B
709,james e mooradian
710,Aru B
711,Aru B
712,Aru B
713,Aru B
714,Aru B
715,Aru B
716,Aru B
717,james e mooradian
718,Aru B
719,Aru B
720,Aru B
721,Aru B
722,Aru B
723,Aru B
724,Aru B
725,Aru B
726,james e mooradian
727,Aru B
728,Aru B
729,Aru B
730,Aru B
731,Aru B
732,Aru B
733,james e mooradian
734,james e mooradian
735,Aru B
736,james e mooradian
737,Aru B
738,Aru B
739,Aru B
740,james e mooradian
741,james e mooradian
742,Aru B
743,Aru B
744,Aru B
745,Aru B
746,james e mooradian
747,james e mooradian
748,Aru B
749,Aru B
750,Aru B
751,Aru B
752,Aru B
753,Aru B
754,james e mooradian
755,Aru B
756,james e mooradian
757,james e mooradian
758,Aru B
759,Aru B
760,Aru B
761,Aru B
762,Aru B
763,Aru B
764,Aru B
765,Aru B
766,Aru B
767,Aru B
768,Aru B
769,Aru B
770,Aru B
771,james e mooradian
772,Aru B
773,Aru B
774,Aru B
775,james e mooradian
776,Aru B
777,james e mooradian
778,james e mooradian
779,Aru B
780,Aru B
781,Aru B
782,Aru B
783,Aru B
784,james e mooradian
785,Aru B
786,Aru B
787,Aru B
788,Aru B
789,james e mooradian
790,Aru B
791,Aru B
792,james e mooradian
793,james e mooradian
794,Aru B
795,james e mooradian
796,Aru B
797,Aru B
798,Aru B
799,james e mooradian
800,james e mooradian
801,james e mooradian
802,Aru B
803,james e mooradian
804,james e mooradian
805,Aru B
806,james e mooradian
807,james e mooradian
808,Aru B
809,james e mooradian
810,Aru B
811,Aru B
812,james e mooradian
813,Aru B
814,Aru B
815,Aru B
816,Aru B
817,james e mooradian
818,Aru B
819,Aru B
820,james e mooradian
821,james e mooradian
822,james e mooradian
823,james e mooradian
824,Aru B
825,Aru B
826,james e mooradian
827,Aru B
828,Aru B
829,james e mooradian
830,Aru B
831,Aru B
832,james e mooradian
833,Aru B
834,Aru B
835,james e mooradian
836,james e mooradian
837,james e mooradian
838,james e mooradian
839,Aru B
840,Aru B
841,Aru B
842,Aru B
843,Aru B
844,Aru B
845,james e mooradian
846,Aru B
847,Aru B
848,james e mooradian
849,james e mooradian
850,Aru B
851,james e mooradian
852,james e mooradian
853,Aru B
854,Aru B
855,Aru B
856,james e mooradian
857,Aru B
858,Aru B
859,Aru B
860,Aru B
861,Aru B
862,james e mooradian
863,james e mooradian
864,james e mooradian
865,Aru B
866,james e mooradian
867,Aru B
868,Aru B
869,Aru B
870,Aru B
871,Aru B
872,Aru B
873,Aru B
874,Aru B
875,Aru B
876,james e mooradian
877,Aru B
878,james e mooradian
879,Aru B
880,Aru B
881,james e mooradian
882,Aru B
883,Aru B
884,Aru B
885,Aru B
886,Aru B
887,Aru B
888,Aru B
889,Aru B
890,Aru B
891,james e mooradian
892,Aru B
893,Aru B
894,Aru B
895,Aru B
896,james e mooradian
897,Aru B
898,Aru B
899,james e mooradian
900,Aru B
901,james e mooradian
902,james e mooradian
903,Aru B
904,Aru B
905,Aru B
906,james e mooradian
907,Aru B
908,Aru B
909,Aru B
910,Aru B
911,james e mooradian
912,james e mooradian
913,Aru B
914,james e mooradian
915,james e mooradian
916,Aru B
917,Aru B
918,james e mooradian
919,james e mooradian
920,Aru B
921,james e mooradian
922,Aru B
923,Aru B
924,Aru B
925,Aru B
926,Aru B
927,james e mooradian
928,Aru B
929,Aru B
930,Aru B
931,james e mooradian
932,Aru B
933,james e mooradian
934,james e mooradian
935,james e mooradian
936,james e mooradian
937,Aru B
938,Aru B
939,Aru B
940,Aru B
941,Aru B
942,Aru B
943,james e mooradian
944,Aru B
945,Aru B
946,james e mooradian
947,Aru B
948,james e mooradian
949,Aru B
950,Aru B
951,james e mooradian
952,james e mooradian
953,Aru B
954,james e mooradian
955,Aru B
956,Aru B
957,Aru B
958,james e mooradian
959,james e mooradian
960,Aru B
961,Aru B
962,james e mooradian
963,james e mooradian
964,Aru B
965,Aru B
966,james e mooradian
967,Aru B
968,Aru B
969,james e mooradian
970,james e mooradian
971,Aru B
972,Aru B
973,Aru B
974,james e mooradian
975,Aru B
976,Aru B
977,Aru B
978,Aru B
979,Aru B
980,james e mooradian
981,james e mooradian
982,Aru B
983,james e mooradian
984,james e mooradian
985,Aru B
986,james e mooradian
987,james e mooradian
988,Aru B
989,Aru B
990,james e mooradian
991,Aru B
992,Aru B
993,Aru B
994,james e mooradian
995,Aru B
996,james e mooradian
997,james e mooradian
998,james e mooradian
999,james e mooradian
1000,james e mooradian
1001,Aru B
1002,Aru B
1003,Aru B
1004,Aru B
1005,Aru B
1006,Aru B
1007,Aru B
1008,Aru B
1009,Aru B
1010,Aru B
1011,Aru B
1012,Aru B
1013,james e mooradian
1014,james e mooradian
1015,Aru B
1016,Aru B
1017,Aru B
1018,Aru B
1019,james e mooradian
1020,james e mooradian
1021,Aru B
1022,Aru B
1023,Aru B
1024,james e mooradian
1025,james e mooradian
1026,james e mooradian
1027,Aru B
1028,Aru B
1029,Aru B
1030,Aru B
1031,Aru B
1032,Aru B
1033,Aru B
1034,Aru B
1035,james e mooradian
1036,james e mooradian
1037,Aru B
1038,Aru B
1039,james e mooradian
1040,Aru B
1041,Aru B
1042,Aru B
1043,james e mooradian
1044,Aru B
1045,Aru B
1046,Aru B
1047,Aru B
1048,james e mooradian
1049,Aru B
1050,james e mooradian
1051,Aru B
1052,Aru B
1053,Aru B
1054,Aru B
1055,james e mooradian
1056,Aru B
1057,Aru B
1058,Aru B
1059,Aru B
1060,Aru B
1061,james e mooradian
1062,Aru B
1063,Aru B
1064,Aru B
1065,Aru B
1066,Aru B
1067,Aru B
1068,Aru B
1069,Aru B
1070,Aru B
1071,james e mooradian
1072,Aru B
1073,Aru B
1074,Aru B
1075,Aru B
1076,Aru B
1077,james e mooradian
1078,Aru B
1079,james e mooradian
1080,james e mooradian
1081,Aru B
1082,Aru B
1083,Aru B
1084,james e mooradian
1085,james e mooradian
1086,Aru B
1087,Aru B
1088,Aru B
1089,Aru B
1090,james e mooradian
1091,Aru B
1092,Aru B
1093,Aru B
1094,james e mooradian
1095,james e mooradian
1096,Aru B
1097,james e mooradian
1098,james e mooradian
1099,Aru B
1100,james e mooradian
1101,Aru B
1102,Aru B
1103,Aru B
1104,Aru B
1105,Aru B
1106,james e mooradian
1107,Aru B
1108,james e mooradian
1109,Aru B
1110,james e mooradian
1111,Aru B
1112,Aru B
1113,james e mooradian
1114,Aru B
1115,Aru B
1116,Aru B
1117,Aru B
1118,Aru B
1119,Aru B
1120,james e mooradian
1121,Aru B
1122,Aru B
1123,Aru B
1124,Aru B
1125,Aru B
1126,Aru B
1127,Aru B
1128,james e mooradian
1129,james e mooradian
1130,james e mooradian
1131,Aru B
1132,james e mooradian
1133,Aru B
1134,james e mooradian
1135,james e mooradian
1136,james e mooradian
1137,Aru B
1138,Aru B
1139,Aru B
1140,james e mooradian
1141,Aru B
1142,Aru B
1143,Aru B
1144,Aru B
1145,james e mooradian
1146,Aru B
1147,james e mooradian
1148,Aru B
1149,james e mooradian
1150,Aru B
1151,Aru B
1152,Aru B
1153,Aru B
1154,Aru B
1155,james e mooradian
1156,james e mooradian
1157,Aru B
1158,Aru B
1159,james e mooradian
1160,Aru B
1161,james e mooradian
1162,james e mooradian
1163,Aru B
1164,Aru B
1165,james e mooradian
1166,Aru B
1167,Aru B
1168,Aru B
1169,Aru B
1170,Aru B
1171,Aru B
1172,Aru B
1173,Aru B
1174,Aru B
1175,Aru B
1176,james e mooradian
1177,james e mooradian
1178,Aru B
1179,Aru B
1180,james e mooradian
1181,Aru B
1182,Aru B
1183,Aru B
1184,Aru B
1185,Aru B
1186,Aru B
1187,Aru B
1188,Aru B
1189,james e mooradian
1190,Aru B
1191,Aru B
1192,Aru B
1193,james e mooradian
1194,Aru B
1195,Aru B
1196,Aru B
1197,james e mooradian
1198,Aru B
1199,Aru B
1200,Aru B
1201,Aru B
1202,Aru B
1203,james e mooradian
1204,Aru B
1205,Aru B
1206,Aru B
1207,james e mooradian
1208,james e mooradian
1209,Aru B
1210,Aru B
1211,james e mooradian
1212,james e mooradian
1213,Aru B
1214,Aru B
1215,Aru B
1216,Aru B
1217,Aru B
1218,Aru B
1219,james e mooradian
1220,james e mooradian
1221,Aru B
1222,james e mooradian
1223,Aru B
1224,james e mooradian
1225,Aru B
1226,james e mooradian
1227,james e mooradian
1228,Aru B
1229,Aru B
1230,Aru B
1231,Aru B
1232,Aru B
1233,Aru B
1234,Aru B
1235,james e mooradian
1236,Aru B
1237,Aru B
1238,Aru B
1239,Aru B
1240,Aru B
1241,Aru B
1242,Aru B
1243,james e mooradian
1244,Aru B
1245,Aru B
1246,james e mooradian
1247,Aru B
1248,Aru B
1249,james e mooradian
1250,james e mooradian
1251,james e mooradian
1252,Aru B
1253,james e mooradian
1254,james e mooradian
1255,Aru B
1256,Aru B
1257,james e mooradian
1258,Aru B
1259,james e mooradian
1260,james e mooradian
1261,james e mooradian
1262,james e mooradian
1263,Aru B
1264,Aru B
1265,james e mooradian
1266,james e mooradian
1267,Aru B
1268,james e mooradian
1269,james e mooradian
1270,Aru B
1271,james e mooradian
1272,Aru B
1273,Aru B
1274,Aru B
1275,Aru B
1276,Aru B
1277,Aru B
1278,james e mooradian
1279,Aru B
1280,james e mooradian
1281,james e mooradian
1282,james e mooradian
1283,james e mooradian
1284,Aru B
1285,james e mooradian
1286,Aru B
1287,Aru B
1288,Aru B
1289,Aru B
1290,Aru B
1291,Aru B
1292,Aru B
1293,Aru B
1294,Aru B
1295,Aru B
1296,Aru B
1297,james e mooradian
1298,Aru B
1299,Aru B
1300,Aru B
1301,Aru B
1302,Aru B
1303,Aru B
1304,Aru B
1305,Aru B
1306,james e mooradian
1307,Aru B
1308,james e mooradian
1309,Aru B
1310,Aru B
1311,Aru B
1312,james e mooradian
1313,Aru B
1314,Aru B
1315,james e mooradian
1316,james e mooradian
1317,Aru B
1318,Aru B
1319,james e mooradian
1320,Aru B
1321,james e mooradian
1322,Aru B
1323,Aru B
1324,Aru B
1325,Aru B
1326,james e mooradian
1327,Aru B
1328,Aru B
1329,Aru B
1330,Aru B
1331,Aru B
1332,Aru B
1333,Aru B
1334,Aru B
1335,james e mooradian
1336,Aru B
1337,Aru B
1338,Aru B
1339,Aru B
1340,Aru B
1341,Aru B
1342,james e mooradian
1343,james e mooradian
1344,james e mooradian
1345,james e mooradian
1346,Aru B
1347,Aru B
1348,Aru B
1349,Aru B
1350,Aru B
1351,Aru B
1352,Aru B
1353,james e mooradian
1354,james e mooradian
1355,Aru B
1356,Aru B
1357,Aru B
1358,Aru B
1359,Aru B
1360,james e mooradian
1361,james e mooradian
1362,Aru B
1363,james e mooradian
1364,Aru B
1365,Aru B
1366,Aru B
1367,Aru B
1368,Aru B
1369,Aru B
1370,Aru B
1371,Aru B
1372,Aru B
1373,Aru B
1374,Aru B
1375,Aru B
1376,Aru B
1377,james e mooradian
1378,james e mooradian
1379,Aru B
1380,Aru B
1381,Aru B
1382,Aru B
1383,Aru B
1384,Aru B
1385,james e mooradian
1386,Aru B
1387,james e mooradian
1388,Aru B
1389,Aru B
1390,Aru B
1391,Aru B
1392,Aru B
1393,Aru B
1394,Aru B
1395,james e mooradian
1396,Aru B
1397,james e mooradian
1398,Aru B
1399,james e mooradian
1400,james e mooradian
1401,james e mooradian
1402,Aru B
1403,Aru B
1404,Aru B
1405,Aru B
1406,Aru B
1407,Aru B
1408,Aru B
1409,Aru B
1410,Aru B
1411,james e mooradian
1412,Aru B
1413,Aru B
1414,Aru B
1415,james e mooradian
1416,Aru B
1417,Aru B
1418,james e mooradian
1419,james e mooradian
1420,Aru B
1421,Aru B
1422,Aru B
1423,Aru B
1424,Aru B
1425,james e mooradian
1426,james e mooradian
1427,Aru B
1428,Aru B
1429,james e mooradian
1430,Aru B
1431,Aru B
1432,Aru B
1433,Aru B
1434,james e mooradian
1435,james e mooradian
1436,Aru B
1437,Aru B
1438,Aru B
1439,james e mooradian
1440,Aru B
1441,Aru B
1442,james e mooradian
1443,james e mooradian
1444,Aru B
1445,Aru B
1446,james e mooradian
1447,Aru B
1448,james e mooradian
1449,Aru B
1450,Aru B
1451,Aru B
1452,james e mooradian
1453,james e mooradian
1454,james e mooradian
1455,Aru B
1456,james e mooradian
1457,Aru B
1458,james e mooradian
1459,james e mooradian
1460,james e mooradian
1461,Aru B
1462,Aru B
1463,Aru B
1464,james e mooradian
1465,Aru B
1466,Aru B
1467,james e mooradian
1468,Aru B
1469,Aru B
1470,Aru B
1471,Aru B
1472,james e mooradian
1473,james e mooradian
1474,james e mooradian
1475,james e mooradian
1476,Aru B
1477,james e mooradian
1478,Aru B
1479,james e mooradian
1480,Aru B
1481,james e mooradian
1482,Aru B
1483,Aru B
1484,Aru B
1485,james e mooradian
1486,Aru B
1487,Aru B
1488,james e mooradian
1489,Aru B
1490,james e mooradian
1491,Aru B
1492,Aru B
1493,Aru B
1494,james e mooradian
1495,Aru B
1496,james e mooradian
1497,james e mooradian
1498,james e mooradian
1499,Aru B
1500,james e mooradian
1501,Aru B
1502,james e mooradian
1503,james e mooradian
1504,Aru B
1505,james e mooradian
1506,Aru B
1507,Aru B
1508,Aru B
1509,Aru B
1510,james e mooradian
1511,Aru B
1512,Aru B
1513,james e mooradian
1514,Aru B
1515,james e mooradian
1516,Aru B
1517,Aru B
1518,Aru B
1519,james e mooradian
1520,james e mooradian
1521,Aru B
1522,james e mooradian
1523,james e mooradian
1524,james e mooradian
1525,Aru B
1526,Aru B
1527,Aru B
1528,Aru B
1529,Aru B
1530,Aru B
1531,james e mooradian
1532,Aru B
1533,Aru B
1534,james e mooradian
1535,james e mooradian
1536,james e mooradian
1537,Aru B
1538,Aru B
1539,james e mooradian
1540,james e mooradian
1541,Aru B
1542,james e mooradian
1543,Aru B
1544,Aru B
1545,james e mooradian
1546,Aru B
1547,Aru B
1548,james e mooradian
1549,Aru B
1550,Aru B
1551,Aru B
1552,Aru B
1553,Aru B
1554,james e mooradian
1555,Aru B
1556,james e mooradian
1557,james e mooradian
1558,Aru B
1559,james e mooradian
1560,Aru B
1561,Aru B
1562,james e mooradian
1563,james e mooradian
1564,Aru B
1565,Aru B
1566,Aru B
1567,Aru B
1568,Aru B
1569,james e mooradian
1570,james e mooradian
1571,Aru B
1572,Aru B
1573,james e mooradian
1574,Aru B
1575,Aru B
1576,Aru B
1577,Aru B
1578,Aru B
1579,james e mooradian
1580,james e mooradian
1581,Aru B
1582,james e mooradian
1583,james e mooradian
1584,james e mooradian
1585,james e mooradian
1586,james e mooradian
1587,Aru B
1588,Aru B
1589,james e mooradian
1590,james e mooradian
1591,james e mooradian
1592,Aru B
1593,Aru B
1594,Aru B
1595,Aru B
1596,Aru B
1597,Aru B
1598,Aru B
1599,Aru B
1600,Aru B
1601,Aru B
1602,james e mooradian
1603,james e mooradian
1604,Aru B
1605,Aru B
1606,Aru B
1607,Aru B
1608,Aru B
1609,james e mooradian
1610,james e mooradian
1611,james e mooradian
1612,Aru B
1613,Aru B
1614,james e mooradian
1615,james e mooradian
1616,Aru B
1617,Aru B
1618,Aru B
1619,james e mooradian
1620,james e mooradian
1621,Aru B
1622,Aru B
1623,james e mooradian
1624,Aru B
1625,Aru B
1626,Aru B
1627,Aru B
1628,Aru B
1629,Aru B
1630,Aru B
1631,Aru B
1632,Aru B
1633,Aru B
1634,Aru B
1635,james e mooradian
1636,james e mooradian
1637,james e mooradian
1638,Aru B
1639,james e mooradian
1640,james e mooradian
1641,james e mooradian
1642,james e mooradian
1643,Aru B
1644,Aru B
1645,james e mooradian
1646,Aru B
1647,james e mooradian
1648,Aru B
1649,Aru B
1650,Aru B
1651,james e mooradian
1652,Aru B
1653,james e mooradian
1654,Aru B
1655,james e mooradian
1656,Aru B
1657,Aru B
1658,james e mooradian
1659,james e mooradian
1660,james e mooradian
1661,Aru B
1662,Aru B
1663,Aru B
1664,Aru B
1665,Aru B
1666,Aru B
1667,james e mooradian
1668,Aru B
1669,Aru B
1670,james e mooradian
1671,Aru B
1672,Aru B
1673,james e mooradian
1674,james e mooradian
1675,Aru B
1676,james e mooradian
1677,Aru B
1678,Aru B
1679,Aru B
1680,james e mooradian
1681,Aru B
1682,Aru B
1683,james e mooradian
1684,Aru B
1685,Aru B
1686,Aru B
1687,Aru B
1688,james e mooradian
1689,james e mooradian
1690,Aru B
1691,Aru B
1692,Aru B
1693,Aru B
1694,Aru B
1695,james e mooradian
1696,james e mooradian
1697,james e mooradian
1698,Aru B
1699,james e mooradian
1700,Aru B
1701,Aru B
1702,james e mooradian
1703,Aru B
1704,Aru B
1705,Aru B
1706,james e mooradian
1707,Aru B
1708,Aru B
1709,Aru B
1710,james e mooradian
1711,Aru B
1712,james e mooradian
1713,Aru B
1714,Aru B
1715,james e mooradian
1716,Aru B
1717,james e mooradian
1718,Aru B
1719,james e mooradian
1720,Aru B
1721,Aru B
1722,james e mooradian
1723,james e mooradian
1724,Aru B
1725,Aru B
1726,james e mooradian
1727,Aru B
1728,Aru B
1729,Aru B
1730,james e mooradian
1731,james e mooradian
1732,Aru B
1733,Aru B
1734,Aru B
1735,Aru B
1736,Aru B
1737,james e mooradian
1738,Aru B
1739,Aru B
1740,Aru B
1741,james e mooradian
1742,Aru B
1743,james e mooradian
1744,Aru B
1745,Aru B
1746,Aru B
1747,Aru B
1748,james e mooradian
1749,james e mooradian
1750,Aru B
1751,james e mooradian
1752,Aru B
1753,james e mooradian
1754,james e mooradian
1755,Aru B
1756,Aru B
1757,Aru B
1758,Aru B
1759,Aru B
1760,james e mooradian
1761,Aru B
1762,Aru B
1763,james e mooradian
1764,Aru B
1765,Aru B
1766,Aru B
1767,james e mooradian
1768,Aru B
1769,Aru B
1770,Aru B
1771,Aru B
1772,Aru B
1773,Aru B
1774,james e mooradian
1775,Aru B
1776,Aru B
1777,Aru B
1778,Aru B
1779,Aru B
1780,Aru B
1781,Aru B
1782,james e mooradian
1783,james e mooradian
1784,james e mooradian
1785,Aru B
1786,Aru B
1787,Aru B
1788,Aru B
1789,Aru B
1790,james e mooradian
1791,Aru B
1792,Aru B
1793,Aru B
1794,Aru B
1795,Aru B
1796,james e mooradian
1797,james e mooradian
1798,Aru B
1799,Aru B
1800,Aru B
1801,Aru B
1802,Aru B
1803,james e mooradian
1804,Aru B
1805,Aru B
1806,james e mooradian
1807,james e mooradian
1808,james e mooradian
1809,james e mooradian
1810,james e mooradian
1811,james e mooradian
1812,james e mooradian
1813,Aru B
1814,Aru B
1815,james e mooradian
1816,Aru B
1817,Aru B
1818,james e mooradian
1819,Aru B
1820,Aru B
1821,james e mooradian
1822,james e mooradian
1823,james e mooradian
1824,james e mooradian
1825,Aru B
1826,Aru B
1827,Aru B
1828,Aru B
1829,Aru B
1830,Aru B
1831,james e mooradian
1832,Aru B
1833,Aru B
1834,james e mooradian
1835,Aru B
1836,Aru B
1837,james e mooradian
1838,Aru B
1839,james e mooradian
1840,Aru B
1841,james e mooradian
1842,james e mooradian
1843,Aru B
1844,james e mooradian
1845,Aru B
1846,Aru B
1847,Aru B
1848,Aru B
1849,Aru B
1850,Aru B
1851,Aru B
1852,Aru B
1853,james e mooradian
1854,Aru B
1855,Aru B
1856,james e mooradian
1857,Aru B
1858,Aru B
1859,Aru B
1860,Aru B
1861,Aru B
1862,Aru B
1863,Aru B
1864,Aru B
1865,james e mooradian
1866,Aru B
1867,james e mooradian
1868,james e mooradian
1869,Aru B
1870,Aru B
1871,james e mooradian
1872,Aru B
1873,Aru B
1874,james e mooradian
1875,james e mooradian
1876,Aru B
1877,Aru B
1878,Aru B
1879,Aru B
1880,Aru B
1881,james e mooradian
1882,james e mooradian
1883,james e mooradian
1884,james e mooradian
1885,Aru B
1886,james e mooradian
1887,Aru B
1888,james e mooradian
1889,Aru B
1890,Aru B
1891,Aru B
1892,james e mooradian
1893,Aru B
1894,Aru B
1895,james e mooradian
1896,Aru B
1897,james e mooradian
1898,james e mooradian
1899,Aru B
1900,james e mooradian
1901,james e mooradian
1902,Aru B
1903,james e mooradian
1904,james e mooradian
1905,Aru B
1906,Aru B
1907,Aru B
1908,Aru B
1909,Aru B
1910,Aru B
1911,james e mooradian
1912,Aru B
1913,Aru B
1914,Aru B
1915,Aru B
1916,james e mooradian
1917,james e mooradian
1918,Aru B
1919,Aru B
1920,Aru B
1921,Aru B
1922,Aru B
1923,james e mooradian
1924,Aru B
1925,Aru B
1926,james e mooradian
1927,Aru B
1928,Aru B
1929,Aru B
1930,james e mooradian
1931,Aru B
1932,james e mooradian
1933,Aru B
1934,Aru B
1935,Aru B
1936,james e mooradian
1937,james e mooradian
1938,james e mooradian
1939,james e mooradian
1940,Aru B
1941,Aru B
1942,james e mooradian
1943,james e mooradian
1944,Aru B
1945,Aru B
1946,Aru B
1947,Aru B
1948,Aru B
1949,james e mooradian
1950,Aru B
1951,Aru B
1952,james e mooradian
1953,Aru B
1954,Aru B
1955,Aru B
1956,Aru B
1957,Aru B
1958,james e mooradian
1959,james e mooradian
1960,Aru B
1961,Aru B
1962,james e mooradian
1963,Aru B
1964,Aru B
1965,Aru B
1966,Aru B
1967,james e mooradian
1968,james e mooradian
1969,james e mooradian
1970,Aru B
1971,james e mooradian
1972,Aru B
1973,Aru B
1974,Aru B
1975,Aru B
1976,james e mooradian
1977,Aru B
1978,Aru B
1979,Aru B
1980,james e mooradian
1981,Aru B
1982,Aru B
1983,Aru B
1984,Aru B
1985,Aru B
1986,Aru B
1987,james e mooradian
1988,Aru B
1989,james e mooradian
1990,Aru B
1991,james e mooradian
1992,Aru B
1993,james e mooradian
1994,Aru B
1995,Aru B
1996,Aru B
1997,Aru B
1998,Aru B
1999,Aru B
2000,Aru B
2001,james e mooradian
2002,james e mooradian
2003,james e mooradian
2004,james e mooradian
2005,Aru B
2006,Aru B
2007,james e mooradian
2008,Aru B
2009,james e mooradian
2010,Aru B
2011,james e mooradian
2012,Aru B
2013,james e mooradian
2014,Aru B
2015,Aru B
2016,Aru B
2017,Aru B
2018,Aru B
2019,james e mooradian
2020,james e mooradian
2021,Aru B
2022,james e mooradian
2023,Aru B
2024,james e mooradian
2025,james e mooradian
2026,Aru B
2027,Aru B
2028,Aru B
2029,james e mooradian
2030,Aru B
2031,james e mooradian
2032,Aru B
2033,james e mooradian
2034,Aru B
2035,Aru B
2036,james e mooradian
2037,Aru B
2038,Aru B
2039,james e mooradian
2040,Aru B
2041,james e mooradian
2042,Aru B
2043,Aru B
2044,james e mooradian
2045,Aru B
2046,Aru B
2047,Aru B
2048,james e mooradian
2049,james e mooradian
2050,james e mooradian
2051,Aru B
2052,Aru B
2053,james e mooradian
2054,Aru B
2055,Aru B
2056,Aru B
2057,Aru B
2058,Aru B
2059,Aru B
2060,Aru B
2061,Aru B
2062,Aru B
2063,Aru B
2064,Aru B
2065,james e mooradian
2066,james e mooradian
2067,james e mooradian
2068,Aru B
2069,james e mooradian
2070,Aru B
2071,Aru B
2072,Aru B
2073,Aru B
2074,james e mooradian
2075,james e mooradian
2076,Aru B
2077,Aru B
2078,Aru B
2079,james e mooradian
2080,james e mooradian
2081,james e mooradian
2082,Aru B
2083,Aru B
2084,Aru B
2085,Aru B
2086,Aru B
2087,Aru B
2088,Aru B
2089,Aru B
2090,james e mooradian
2091,Aru B
2092,Aru B
2093,james e mooradian
2094,Aru B
2095,Aru B
2096,Aru B
2097,Aru B
2098,Aru B
2099,Aru B
2100,james e mooradian
2101,Aru B
2102,Aru B
2103,Aru B
2104,james e mooradian
2105,Aru B
2106,Aru B
2107,Aru B
2108,Aru B
2109,Aru B
2110,Aru B
2111,Aru B
2112,james e mooradian
2113,james e mooradian
2114,Aru B
2115,Aru B
2116,Aru B
2117,Aru B
2118,james e mooradian
2119,Aru B
2120,james e mooradian
2121,Aru B
2122,Aru B
2123,james e mooradian
2124,Aru B
2125,james e mooradian
2126,Aru B
2127,Aru B
2128,Aru B
2129,james e mooradian
2130,Aru B
2131,Aru B
2132,james e mooradian
2133,james e mooradian
2134,Aru B
2135,james e mooradian
2136,Aru B
2137,Aru B
2138,Aru B
2139,Aru B
2140,Aru B
2141,Aru B
2142,Aru B
2143,Aru B
2144,Aru B
2145,Aru B
2146,Aru B
2147,james e mooradian
2148,james e mooradian
2149,Aru B
2150,james e mooradian
2151,james e mooradian
2152,james e mooradian
2153,james e mooradian
2154,james e mooradian
2155,james e mooradian
2156,Aru B
2157,james e mooradian
2158,Aru B
2159,james e mooradian
2160,Aru B
2161,james e mooradian
2162,james e mooradian
2163,Aru B
2164,Aru B
2165,james e mooradian
2166,Aru B
2167,Aru B
2168,james e mooradian
2169,Aru B
2170,Aru B
2171,Aru B
2172,james e mooradian
2173,james e mooradian
2174,Aru B
2175,Aru B
2176,Aru B
2177,Aru B
2178,Aru B
2179,james e mooradian
2180,Aru B
2181,james e mooradian
2182,Aru B
2183,Aru B
2184,james e mooradian
2185,james e mooradian
2186,Aru B
2187,james e mooradian
2188,Aru B
2189,Aru B
2190,Aru B
2191,Aru B
2192,james e mooradian
2193,Aru B
2194,Aru B
2195,Aru B
2196,Aru B
2197,Aru B
2198,Aru B
2199,james e mooradian
2200,james e mooradian
2201,james e mooradian
2202,james e mooradian
2203,james e mooradian
2204,Aru B
2205,Aru B
2206,Aru B
2207,Aru B
2208,james e mooradian
2209,james e mooradian
2210,Aru B
2211,james e mooradian
2212,Aru B
2213,james e mooradian
2214,james e mooradian
2215,james e mooradian
2216,Aru B
2217,james e mooradian
2218,james e mooradian
2219,Aru B
2220,james e mooradian
2221,Aru B
2222,james e mooradian
2223,Aru B
2224,Aru B
2225,james e mooradian
2226,Aru B
2227,james e mooradian
2228,james e mooradian
2229,james e mooradian
2230,Aru B
2231,james e mooradian
2232,james e mooradian
2233,james e mooradian
2234,james e mooradian
2235,Aru B
2236,Aru B
2237,Aru B
2238,james e mooradian
2239,james e mooradian
2240,james e mooradian
2241,james e mooradian
2242,james e mooradian
2243,Aru B
2244,james e mooradian
2245,Aru B
2246,james e mooradian
2247,Aru B
2248,Aru B
2249,james e mooradian
2250,Aru B
2251,Aru B
2252,Aru B
2253,Aru B
2254,Aru B
2255,Aru B
2256,james e mooradian
2257,james e mooradian
2258,Aru B
2259,james e mooradian
2260,Aru B
2261,Aru B
2262,Aru B
2263,james e mooradian
2264,Aru B
2265,james e mooradian
2266,james e mooradian
2267,james e mooradian
2268,james e mooradian
2269,james e mooradian
2270,Aru B
2271,Aru B
2272,Aru B
2273,Aru B
2274,Aru B
2275,Aru B
2276,Aru B
2277,Aru B
2278,Aru B
2279,james e mooradian
2280,Aru B
2281,Aru B
2282,Aru B
2283,Aru B
2284,Aru B
2285,Aru B
2286,Aru B
2287,james e mooradian
2288,Aru B
2289,Aru B
2290,Aru B
2291,Aru B
2292,Aru B
2293,Aru B
2294,Aru B
2295,Aru B
2296,Aru B
2297,Aru B
2298,Aru B
2299,Aru B
2300,Aru B
2301,Aru B
2302,james e mooradian
2303,Aru B
2304,Aru B
2305,Aru B
2306,james e mooradian
2307,Aru B
2308,Aru B
2309,Aru B
2310,Aru B
2311,Aru B
2312,Aru B
2313,Aru B
2314,Aru B
2315,Aru B
2316,Aru B
2317,Aru B
2318,Aru B
2319,Aru B
2320,Aru B
2321,james e mooradian
2322,james e mooradian
2323,james e mooradian
2324,Aru B
2325,Aru B
2326,Aru B
2327,Aru B
2328,Aru B
2329,Aru B
2330,Aru B
2331,Aru B
2332,Aru B
2333,Aru B
2334,Aru B
2335,Aru B
2336,Aru B
2337,james e mooradian
2338,Aru B
2339,james e mooradian
2340,Aru B
2341,james e mooradian
2342,Aru B
2343,james e mooradian
2344,Aru B
2345,Aru B
2346,james e mooradian
2347,Aru B
2348,Aru B
2349,james e mooradian
2350,Aru B
2351,Aru B
2352,james e mooradian
2353,james e mooradian
2354,Aru B
2355,james e mooradian
2356,Aru B
2357,james e mooradian
2358,Aru B
2359,Aru B
2360,Aru B
2361,Aru B
2362,james e mooradian
2363,Aru B
2364,Aru B
2365,Aru B
2366,Aru B
2367,james e mooradian
2368,james e mooradian
2369,Aru B
2370,Aru B
2371,Aru B
2372,james e mooradian
2373,Aru B
2374,james e mooradian
2375,james e mooradian
2376,Aru B
2377,james e mooradian
2378,Aru B
2379,james e mooradian
2380,Aru B
2381,Aru B
2382,james e mooradian
2383,Aru B
2384,Aru B
2385,Aru B
2386,Aru B
2387,Aru B
2388,james e mooradian
2389,james e mooradian
2390,Aru B
2391,james e mooradian
2392,james e mooradian
2393,Aru B
2394,Aru B
2395,Aru B
2396,Aru B
2397,Aru B
2398,Aru B
2399,Aru B
2400,james e mooradian
2401,Aru B
2402,Aru B
2403,Aru B
2404,james e mooradian
2405,Aru B
2406,james e mooradian
2407,Aru B
2408,james e mooradian
2409,james e mooradian
2410,Aru B
2411,Aru B
2412,Aru B
2413,Aru B
2414,Aru B
2415,Aru B
2416,Aru B
2417,Aru B
2418,Aru B
2419,james e mooradian
2420,Aru B
2421,Aru B
2422,Aru B
2423,Aru B
2424,Aru B
2425,james e mooradian
2426,Aru B
2427,Aru B
2428,james e mooradian
2429,james e mooradian
2430,Aru B
2431,Aru B
2432,Aru B
2433,Aru B
2434,james e mooradian
2435,Aru B
2436,james e mooradian
2437,james e mooradian
2438,Aru B
2439,Aru B
2440,Aru B
2441,Aru B
2442,Aru B
2443,james e mooradian
2444,Aru B
2445,james e mooradian
2446,james e mooradian
2447,Aru B
2448,Aru B
2449,Aru B
2450,james e mooradian
2451,Aru B
2452,Aru B
2453,Aru B
2454,Aru B
2455,Aru B
2456,james e mooradian
2457,james e mooradian
2458,james e mooradian
2459,Aru B
2460,Aru B
2461,Aru B
2462,james e mooradian
2463,Aru B
2464,james e mooradian
2465,james e mooradian
2466,james e mooradian
2467,Aru B
2468,Aru B
2469,Aru B
2470,Aru B
2471,Aru B
2472,Aru B
2473,james e mooradian
2474,james e mooradian
2475,james e mooradian
2476,james e mooradian
2477,Aru B
2478,Aru B
2479,Aru B
2480,james e mooradian
2481,james e mooradian
2482,Aru B
2483,james e mooradian
2484,Aru B
2485,james e mooradian
2486,Aru B
2487,james e mooradian
2488,Aru B
2489,james e mooradian
2490,Aru B
2491,james e mooradian
2492,james e mooradian
2493,Aru B
2494,Aru B
2495,Aru B
2496,james e mooradian
2497,james e mooradian
2498,Aru B
2499,james e mooradian
2500,Aru B
2501,james e mooradian
2502,Aru B
2503,james e mooradian
2504,Aru B
2505,Aru B
2506,Aru B
2507,james e mooradian
2508,Aru B
2509,Aru B
2510,Aru B
2511,james e mooradian
2512,Aru B
2513,Aru B
2514,Aru B
2515,james e mooradian
2516,Aru B
2517,james e mooradian
2518,james e mooradian
2519,james e mooradian
2520,Aru B
2521,james e mooradian
2522,Aru B
2523,Aru B
2524,Aru B
2525,james e mooradian
2526,Aru B
2527,Aru B
2528,Aru B
2529,Aru B
2530,Aru B
2531,james e mooradian
2532,james e mooradian
2533,Aru B
2534,Aru B
2535,Aru B
2536,Aru B
2537,james e mooradian
2538,james e mooradian
2539,james e mooradian
2540,james e mooradian
2541,Aru B
2542,Aru B
2543,james e mooradian
2544,james e mooradian
2545,Aru B
2546,Aru B
2547,Aru B
2548,Aru B
2549,Aru B
2550,Aru B
2551,james e mooradian
2552,james e mooradian
2553,james e mooradian
2554,james e mooradian
2555,james e mooradian
2556,Aru B
2557,Aru B
2558,Aru B
2559,Aru B
2560,james e mooradian
2561,Aru B
2562,Aru B
2563,Aru B
2564,Aru B
2565,Aru B
2566,james e mooradian
2567,james e mooradian
2568,james e mooradian
2569,Aru B
2570,james e mooradian
2571,james e mooradian
2572,Aru B
2573,Aru B
2574,james e mooradian
2575,Aru B
2576,james e mooradian
2577,Aru B
2578,Aru B
2579,Aru B
2580,Aru B
2581,Aru B
2582,james e mooradian
2583,Aru B
2584,james e mooradian
2585,Aru B
2586,Aru B
2587,james e mooradian
2588,Aru B
2589,Aru B
2590,james e mooradian
2591,Aru B
2592,Aru B
2593,Aru B
2594,Aru B
2595,Aru B
2596,james e mooradian
2597,Aru B
2598,Aru B
2599,Aru B
2600,Aru B
2601,Aru B
2602,Aru B
2603,Aru B
2604,james e mooradian
2605,james e mooradian
2606,Aru B
2607,james e mooradian
2608,james e mooradian
2609,Aru B
2610,james e mooradian
2611,Aru B
2612,Aru B
2613,james e mooradian
2614,Aru B
2615,james e mooradian
2616,Aru B
2617,Aru B
2618,james e mooradian
2619,Aru B
2620,Aru B
2621,Aru B
2622,james e mooradian
2623,james e mooradian
2624,Aru B
2625,james e mooradian
2626,Aru B
2627,Aru B
2628,james e mooradian
2629,james e mooradian
2630,james e mooradian
2631,Aru B
2632,Aru B
2633,Aru B
2634,james e mooradian
2635,Aru B
2636,james e mooradian
2637,james e mooradian
2638,Aru B
2639,Aru B
2640,Aru B
2641,james e mooradian
2642,Aru B
2643,james e mooradian
2644,Aru B
2645,james e mooradian
2646,james e mooradian
2647,Aru B
2648,james e mooradian
2649,Aru B
2650,Aru B
2651,james e mooradian
2652,james e mooradian
2653,Aru B
2654,Aru B
2655,Aru B
2656,Aru B
2657,Aru B
2658,Aru B
2659,james e mooradian
2660,Aru B
2661,Aru B
2662,Aru B
2663,Aru B
2664,Aru B
2665,Aru B
2666,james e mooradian
2667,Aru B
2668,Aru B
2669,Aru B
2670,Aru B
2671,Aru B
2672,james e mooradian
2673,james e mooradian
2674,james e mooradian
2675,james e mooradian
2676,Aru B
2677,james e mooradian
2678,Aru B
2679,Aru B
2680,Aru B
2681,Aru B
2682,james e mooradian
2683,james e mooradian
2684,Aru B
2685,Aru B
2686,james e mooradian
2687,Aru B
2688,Aru B
2689,james e mooradian
2690,Aru B
2691,james e mooradian
2692,james e mooradian
2693,james e mooradian
2694,james e mooradian
2695,james e mooradian
2696,Aru B
2697,james e mooradian
2698,james e mooradian
2699,james e mooradian
2700,Aru B
2701,Aru B
2702,Aru B
2703,Aru B
2704,james e mooradian
2705,Aru B
2706,Aru B
2707,Aru B
2708,james e mooradian
2709,james e mooradian
2710,james e mooradian
2711,james e mooradian
2712,Aru B
2713,Aru B
2714,james e mooradian
2715,Aru B
2716,james e mooradian
2717,Aru B
2718,Aru B
2719,Aru B
2720,Aru B
2721,Aru B
2722,Aru B
2723,james e mooradian
2724,Aru B
2725,Aru B
2726,Aru B
2727,james e mooradian
2728,james e mooradian
2729,Aru B
2730,Aru B
2731,Aru B
2732,Aru B
2733,james e mooradian
2734,Aru B
2735,james e mooradian
2736,Aru B
2737,Aru B
2738,Aru B
2739,james e mooradian
2740,james e mooradian
2741,james e mooradian
2742,Aru B
2743,Aru B
2744,james e mooradian
2745,Aru B
2746,Aru B
2747,Aru B
2748,Aru B
2749,Aru B
2750,Aru B
2751,Aru B
2752,james e mooradian
2753,james e mooradian
2754,james e mooradian
2755,james e mooradian
2756,Aru B
2757,Aru B
2758,Aru B
2759,james e mooradian
2760,Aru B
2761,Aru B
2762,Aru B
2763,Aru B
2764,james e mooradian
2765,Aru B
2766,james e mooradian
2767,Aru B
2768,Aru B
2769,Aru B
2770,james e mooradian
2771,Aru B
2772,james e mooradian
2773,Aru B
2774,Aru B
2775,Aru B
2776,james e mooradian
2777,james e mooradian
2778,james e mooradian
2779,Aru B
2780,Aru B
2781,Aru B
2782,james e mooradian
2783,Aru B
2784,Aru B
2785,Aru B
2786,Aru B
2787,Aru B
2788,Aru B
2789,james e mooradian
2790,Aru B
2791,Aru B
2792,Aru B
2793,james e mooradian
2794,james e mooradian
2795,Aru B
2796,james e mooradian
2797,james e mooradian
2798,Aru B
2799,james e mooradian
2800,Aru B
2801,Aru B
2802,Aru B
2803,james e mooradian
2804,james e mooradian
2805,Aru B
2806,Aru B
2807,james e mooradian
2808,Aru B
2809,Aru B
2810,Aru B
2811,Aru B
2812,james e mooradian
2813,Aru B
2814,Aru B
2815,james e mooradian
2816,Aru B
2817,james e mooradian
2818,Aru B
2819,Aru B
2820,Aru B
2821,james e mooradian
2822,Aru B
2823,james e mooradian
2824,james e mooradian
2825,james e mooradian
2826,james e mooradian
2827,Aru B
2828,Aru B
2829,james e mooradian
2830,james e mooradian
2831,james e mooradian
2832,Aru B
2833,james e mooradian
2834,james e mooradian
2835,Aru B
2836,Aru B
2837,Aru B
2838,Aru B
2839,Aru B
2840,Aru B
2841,Aru B
2842,james e mooradian
2843,Aru B
2844,james e mooradian
2845,james e mooradian
2846,Aru B
2847,Aru B
2848,james e mooradian
2849,james e mooradian
2850,james e mooradian
2851,james e mooradian
2852,james e mooradian
2853,Aru B
2854,Aru B
2855,james e mooradian
2856,Aru B
2857,Aru B
2858,james e mooradian
2859,james e mooradian
2860,james e mooradian
2861,Aru B
2862,james e mooradian
2863,Aru B
2864,james e mooradian
2865,Aru B
2866,james e mooradian
2867,james e mooradian
2868,james e mooradian
2869,Aru B
2870,Aru B
2871,Aru B
2872,james e mooradian
2873,james e mooradian
2874,james e mooradian
2875,Aru B
2876,Aru B
2877,Aru B
2878,Aru B
2879,james e mooradian
2880,Aru B
2881,Aru B
2882,Aru B
2883,Aru B
2884,Aru B
2885,Aru B
2886,Aru B
2887,Aru B
2888,Aru B
2889,james e mooradian
2890,Aru B
2891,Aru B
2892,james e mooradian
2893,Aru B
2894,james e mooradian
2895,Aru B
2896,Aru B
2897,Aru B
2898,Aru B
2899,Aru B
2900,james e mooradian
2901,Aru B
2902,james e mooradian
2903,Aru B
2904,Aru B
2905,Aru B
2906,Aru B
2907,james e mooradian
2908,james e mooradian
2909,james e mooradian
2910,Aru B
2911,james e mooradian
2912,Aru B
2913,Aru B
2914,Aru B
2915,Aru B
2916,james e mooradian
2917,Aru B
2918,Aru B
2919,james e mooradian
2920,Aru B
2921,james e mooradian
2922,james e mooradian
2923,james e mooradian
2924,Aru B
2925,Aru B
2926,Aru B
2927,Aru B
2928,Aru B
2929,james e mooradian
2930,Aru B
2931,Aru B
2932,Aru B
2933,Aru B
2934,james e mooradian
2935,james e mooradian
2936,Aru B
2937,Aru B
2938,Aru B
2939,Aru B
2940,Aru B
2941,Aru B
2942,Aru B
2943,Aru B
2944,Aru B
2945,Aru B
2946,james e mooradian
2947,Aru B
2948,james e mooradian
2949,Aru B
2950,Aru B
2951,Aru B
2952,james e mooradian
2953,Aru B
2954,james e mooradian
2955,Aru B
2956,james e mooradian
2957,james e mooradian
2958,Aru B
2959,Aru B
2960,Aru B
2961,james e mooradian
2962,Aru B
2963,Aru B
2964,Aru B
2965,Aru B
2966,Aru B
2967,james e mooradian
2968,Aru B
2969,Aru B
2970,Aru B
2971,Aru B
2972,james e mooradian
2973,Aru B
2974,james e mooradian
2975,james e mooradian
2976,james e mooradian
2977,Aru B
2978,james e mooradian
2979,Aru B
2980,james e mooradian
2981,james e mooradian
2982,james e mooradian
2983,Aru B
2984,Aru B
2985,Aru B
2986,james e mooradian
2987,Aru B
2988,Aru B
2989,james e mooradian
2990,james e mooradian
2991,Aru B
2992,Aru B
2993,Aru B
2994,Aru B
2995,Aru B
2996,Aru B
2997,Aru B
2998,Aru B
2999,Aru B
3000,Aru B
3001,Aru B
3002,james e mooradian
3003,james e mooradian
3004,Aru B
3005,Aru B
3006,Aru B
3007,Aru B
3008,james e mooradian
3009,Aru B
3010,james e mooradian
3011,Aru B
3012,Aru B
3013,Aru B
3014,Aru B
3015,james e mooradian
3016,Aru B
3017,Aru B
3018,Aru B
3019,james e mooradian
3020,james e mooradian
3021,Aru B
3022,Aru B
3023,Aru B
3024,Aru B
3025,Aru B
3026,james e mooradian
3027,james e mooradian
3028,Aru B
3029,james e mooradian
3030,james e mooradian
3031,Aru B
3032,Aru B
3033,james e mooradian
3034,james e mooradian
3035,james e mooradian
3036,james e mooradian
3037,Aru B
3038,Aru B
3039,james e mooradian
3040,Aru B
3041,james e mooradian
3042,Aru B
3043,james e mooradian
3044,Aru B
3045,james e mooradian
3046,james e mooradian
3047,james e mooradian
3048,james e mooradian
3049,james e mooradian
3050,Aru B
3051,Aru B
3052,Aru B
3053,Aru B
3054,james e mooradian
3055,james e mooradian
3056,Aru B
3057,james e mooradian
3058,james e mooradian
3059,james e mooradian
3060,james e mooradian
3061,Aru B
3062,Aru B
3063,james e mooradian
3064,james e mooradian
3065,Aru B
3066,Aru B
3067,Aru B
3068,james e mooradian
3069,Aru B
3070,james e mooradian
3071,james e mooradian
3072,Aru B
3073,Aru B
3074,Aru B
3075,Aru B
3076,james e mooradian
3077,Aru B
3078,james e mooradian
3079,Aru B
3080,Aru B
3081,james e mooradian
3082,james e mooradian
3083,Aru B
3084,Aru B
3085,Aru B
3086,Aru B
3087,Aru B
3088,Aru B
3089,Aru B
3090,Aru B
3091,james e mooradian
3092,james e mooradian
3093,james e mooradian
3094,Aru B
3095,Aru B
3096,Aru B
3097,Aru B
3098,Aru B
3099,Aru B
3100,Aru B
3101,james e mooradian
3102,Aru B
3103,james e mooradian
3104,james e mooradian
3105,Aru B
3106,james e mooradian
3107,Aru B
3108,Aru B
3109,james e mooradian
3110,james e mooradian
3111,Aru B
3112,james e mooradian
3113,Aru B
3114,james e mooradian
3115,Aru B
3116,james e mooradian
3117,james e mooradian
3118,james e mooradian
3119,james e mooradian
3120,james e mooradian
3121,james e mooradian
3122,james e mooradian
3123,Aru B
3124,Aru B
3125,james e mooradian
3126,james e mooradian
3127,Aru B
3128,james e mooradian
3129,james e mooradian
3130,Aru B
3131,james e mooradian
3132,james e mooradian
3133,Aru B
3134,james e mooradian
3135,james e mooradian
3136,james e mooradian
3137,Aru B
3138,Aru B
3139,james e mooradian
3140,Aru B
3141,Aru B
3142,Aru B
3143,Aru B
3144,james e mooradian
3145,Aru B
3146,james e mooradian
3147,Aru B
3148,james e mooradian
3149,Aru B
3150,james e mooradian
3151,james e mooradian
3152,james e mooradian
3153,james e mooradian
3154,Aru B
3155,Aru B
3156,james e mooradian
3157,james e mooradian
3158,Aru B
3159,Aru B
3160,Aru B
3161,james e mooradian
3162,Aru B
3163,Aru B
3164,Aru B
3165,james e mooradian
3166,james e mooradian
3167,james e mooradian
3168,Aru B
3169,Aru B
3170,Aru B
3171,Aru B
3172,Aru B
3173,Aru B
3174,james e mooradian
3175,Aru B
3176,Aru B
3177,Aru B
3178,Aru B
3179,james e mooradian
3180,Aru B
3181,james e mooradian
3182,Aru B
3183,james e mooradian
3184,james e mooradian
3185,james e mooradian
3186,james e mooradian
3187,Aru B
3188,Aru B
3189,Aru B
3190,Aru B
3191,james e mooradian
3192,Aru B
3193,Aru B
3194,james e mooradian
3195,Aru B
3196,Aru B
3197,james e mooradian
3198,Aru B
3199,Aru B
3200,james e mooradian
3201,Aru B
3202,james e mooradian
3203,Aru B
3204,james e mooradian
3205,Aru B
3206,Aru B
3207,james e mooradian
3208,james e mooradian
3209,james e mooradian
3210,Aru B
3211,james e mooradian
3212,james e mooradian
3213,james e mooradian
3214,Aru B
3215,Aru B
3216,james e mooradian
3217,Aru B
3218,james e mooradian
3219,james e mooradian
3220,Aru B
3221,Aru B
3222,Aru B
3223,Aru B
3224,Aru B
3225,james e mooradian
3226,Aru B
3227,james e mooradian
3228,Aru B
3229,Aru B
3230,james e mooradian
3231,james e mooradian
3232,james e mooradian
3233,james e mooradian
3234,james e mooradian
3235,Aru B
3236,Aru B
3237,james e mooradian
3238,Aru B
3239,Aru B
3240,Aru B
3241,Aru B
3242,james e mooradian
3243,Aru B
3244,Aru B
3245,Aru B
3246,james e mooradian
3247,Aru B
3248,james e mooradian
3249,james e mooradian
3250,Aru B
3251,Aru B
3252,Aru B
3253,Aru B
3254,Aru B
3255,Aru B
3256,Aru B
3257,Aru B
3258,Aru B
3259,james e mooradian
3260,Aru B
3261,james e mooradian
3262,Aru B
3263,james e mooradian
3264,Aru B
3265,Aru B
3266,james e mooradian
3267,Aru B
3268,Aru B
3269,james e mooradian
3270,james e mooradian
3271,Aru B
3272,james e mooradian
3273,Aru B
3274,james e mooradian
3275,Aru B
3276,Aru B
3277,Aru B
3278,james e mooradian
3279,Aru B
3280,Aru B
3281,Aru B
3282,Aru B
3283,Aru B
3284,Aru B
3285,Aru B
3286,james e mooradian
3287,james e mooradian
3288,james e mooradian
3289,james e mooradian
3290,Aru B
3291,Aru B
3292,james e mooradian
3293,james e mooradian
3294,Aru B
3295,james e mooradian
3296,Aru B
3297,Aru B
3298,Aru B
3299,james e mooradian
3300,james e mooradian
3301,Aru B
3302,Aru B
3303,james e mooradian
3304,james e mooradian
3305,Aru B
3306,Aru B
3307,Aru B
3308,james e mooradian
3309,Aru B
3310,Aru B
3311,james e mooradian
3312,james e mooradian
3313,james e mooradian
3314,james e mooradian
3315,Aru B
3316,Aru B
3317,james e mooradian
3318,Aru B
3319,Aru B
3320,james e mooradian
3321,Aru B
3322,Aru B
3323,Aru B
3324,Aru B
3325,james e mooradian
3326,Aru B
3327,james e mooradian
3328,james e mooradian
3329,james e mooradian
3330,Aru B
3331,Aru B
3332,james e mooradian
3333,james e mooradian
3334,Aru B
3335,james e mooradian
3336,Aru B
3337,james e mooradian
3338,james e mooradian
3339,james e mooradian
3340,Aru B
3341,Aru B
3342,james e mooradian
3343,Aru B
3344,Aru B
3345,Aru B
3346,Aru B
3347,Aru B
3348,james e mooradian
3349,Aru B
3350,Aru B
3351,Aru B
3352,Aru B
3353,Aru B
3354,Aru B
3355,james e mooradian
3356,Aru B
3357,james e mooradian
3358,james e mooradian
3359,james e mooradian
3360,james e mooradian
3361,Aru B
3362,Aru B
3363,Aru B
3364,james e mooradian
3365,Aru B
3366,Aru B
3367,Aru B
3368,james e mooradian
3369,Aru B
3370,Aru B
3371,Aru B
3372,Aru B
3373,james e mooradian
3374,james e mooradian
3375,Aru B
3376,james e mooradian
3377,Aru B
3378,james e mooradian
3379,james e mooradian
3380,Aru B
3381,Aru B
3382,james e mooradian
3383,Aru B
3384,james e mooradian
3385,james e mooradian
3386,Aru B
3387,Aru B
3388,Aru B
3389,james e mooradian
3390,Aru B
3391,Aru B
3392,james e mooradian
3393,Aru B
3394,Aru B
3395,james e mooradian
3396,Aru B
3397,Aru B
3398,james e mooradian
3399,james e mooradian
3400,james e mooradian
3401,james e mooradian
3402,Aru B
3403,james e mooradian
3404,Aru B
3405,Aru B
3406,Aru B
3407,Aru B
3408,james e mooradian
3409,Aru B
3410,Aru B
3411,james e mooradian
3412,Aru B
3413,Aru B
3414,Aru B
3415,james e mooradian
3416,Aru B
3417,Aru B
3418,Aru B
3419,Aru B
3420,Aru B
3421,Aru B
3422,Aru B
3423,Aru B
3424,Aru B
3425,james e mooradian
3426,Aru B
3427,james e mooradian
3428,Aru B
